name,organization,homepage,logo,twitter,crunchbase_url,funding,member,relation,tag,license,headquarters,description,crunchbase_description,crunchbase_homepage,crunchbase_city,crunchbase_region,crunchbase_country,crunchbase_twitter,crunchbase_linkedin,crunchbase_ticker,crunchbase_kind,crunchbase_min_employees,crunchbase_max_employees,category,subcategory,oss,github_repo,github_stars,github_description,github_latest_commit_date,github_latest_commit_link,github_latest_release_date,github_latest_release_link,github_start_commit_date,github_start_commit_link,github_contributors_count,github_contributors_link,accepted,incubation,graduated,dev_stats_url,artwork_url,blog_url,mailing_list_url,slack_url,youtube_url,chat_channel,last_audit_date,last_audit_url
Adonis,,https://adonisjs.com/,logos/f8b7c3dd29257199351182dff8fc667d52881b5193cc0c536c0f23e8db85f9f4.svg,https://twitter.com/adonisframework,,,,,,MIT License,,"AdonisJS is a TypeScript-first web framework for building web apps and API servers. It comes with support for testing, modern tooling, an ecosystem of official packages, and more.",,,,,,,,,,,,Backend Frameworks,Frameworks,true,https://github.com/adonisjs/core,18025,"AdonisJS is a TypeScript-first web framework for building web apps and API servers. It comes with support for testing, modern tooling, an ecosystem of official packages, and more.",2025-07-17,https://github.com/adonisjs/core/commit/1f30edd7bddb2a02f300d8f023778f712abdb7e1,2025-06-17,https://github.com/adonisjs/core/releases/tag/v6.19.0,2015-10-12,https://github.com/adonisjs/core/commit/474575c9298402ee0e26e59ee327841609c4e4ce,70,https://github.com/adonisjs/core/graphs/contributors,,,,,,,,,,,,
Alpine,,https://alpinejs.dev/,logos/61299d9151ee9f99031bd73389ce15d5d61e3059d23811e1bd471815223b9d67.svg,https://x.com/alpine_js,,,,,,MIT License,,A lightweight library for composing JavaScript behavior directly in your HTML templates.,,,,,,,,,,,,Frontend Frameworks,UI Libraries,true,https://github.com/alpinejs/alpine,30042,"A rugged, minimal framework for composing JavaScript behavior in your markup. ",2025-07-16,https://github.com/alpinejs/alpine/commit/df63fe2f6eb416bb7f46c449f2ee6aaf3c0b304e,2025-03-12,https://github.com/alpinejs/alpine/releases/tag/v3.14.9,2019-11-24,https://github.com/alpinejs/alpine/commit/89acd500d642e42f01d2ebad3ec1f136e7b992f6,291,https://github.com/alpinejs/alpine/graphs/contributors,,,,,,,,,,,,
Angular,,https://angular.io/,logos/d69be15b23ada7e68a1d84b611641ad11bcbc1180c50eed1b7d9c62fc6f099ca.svg,https://x.com/googledevs,,,,,,MIT License,,A comprehensive framework for building large-scale web applications with a focus on TypeScript.,,,,,,,,,,,,Frontend Frameworks,Frameworks,true,https://github.com/angular/angular,98316,Deliver web apps with confidence üöÄ,2025-07-11,https://github.com/angular/angular/commit/7eb9fcd6a07e39eb8fe43ef0576c9172bd4b59e2,2025-07-17,https://github.com/angular/angular/releases/tag/20.1.2,2014-09-18,https://github.com/angular/angular/commit/6a3abf2366e2c32ce3460155903262fee01736c8,2469,https://github.com/angular/angular/graphs/contributors,,,,,,,,,,,,
Aurelia,,https://aurelia.io/,logos/50464e660b738c7f69dc251257e7d1f82965a6918c29f71b1ad51e6a42c8b177.svg,,,,,,,MIT License,,"A modern, open-source framework for building modular and scalable applications.",,,,,,,,,,,,Frontend Frameworks,Frameworks,true,https://github.com/aurelia/aurelia,1450,"Aurelia 2, a standards-based, front-end framework designed for high-performing, ambitious applications.",2025-07-13,https://github.com/aurelia/aurelia/commit/655125cdb53ceae2e7e9d7723218ec320038120d,,,2018-02-15,https://github.com/aurelia/aurelia/commit/8f217a8540104fe5a99d1b6aea2bdf5d9a5c5e2c,77,https://github.com/aurelia/aurelia/graphs/contributors,,,,,,,,,,,,
Axios,,https://axios-http.com/,logos/3d6a3d2fe9276d5886181ba10846509117cc75ca24bc4faaeb01633302e0fdd2.svg,,,,,,,MIT License,,A promise-based HTTP client for making asynchronous requests in browsers and Node.js.,,,,,,,,,,,,Libraries,Libraries,true,https://github.com/axios/axios,107238,Promise based HTTP client for the browser and node.js,2025-07-16,https://github.com/axios/axios/commit/8517aa16f8d082fc1d5309c642220fa736159110,2025-06-14,https://github.com/axios/axios/releases/tag/v1.10.0,2014-08-18,https://github.com/axios/axios/commit/91871496a21a0286599c540b82dc0010cd814394,508,https://github.com/axios/axios/graphs/contributors,,,,,,,,,,,,
Bun,,https://bun.com/,logos/61b66d7b0152cb7ea3601036c65e4c704d78ae4ddea010aef8df0731f0de3281.svg,,,,,,,Other,,A fast and modern JavaScript runtime with built-in bundling and type-checking tools.,,,,,,,,,,,,Engines and Runtimes,Runtimes,true,https://github.com/oven-sh/bun,79187,"Incredibly fast JavaScript runtime, bundler, test runner, and package manager ‚Äì all in one",2025-07-19,https://github.com/oven-sh/bun/commit/a1c0f74037f338a265da65982c0fa3911bd6fe81,2025-07-03,https://github.com/oven-sh/bun/releases/tag/bun-v1.2.18,2021-04-17,https://github.com/oven-sh/bun/commit/025fe36defe2468ca1ed224855aa1effa09001ca,828,https://github.com/oven-sh/bun/graphs/contributors,,,,,,,,,,,,
Capacitor.js,,https://capacitorjs.com/,logos/262944ce98ef64a05537032e02bf6b302b15d5384dbca5d74473838876274d94.svg,https://x.com/capacitorjs,,,,,,MIT License,,A cross-platform runtime for building native apps with web technologies.,,,,,,,,,,,,Mobile Frameworks,Frameworks,true,https://github.com/ionic-team/capacitor,13616,"Build cross-platform Native Progressive Web Apps for iOS, Android, and the Web ‚ö°Ô∏è",2025-07-15,https://github.com/ionic-team/capacitor/commit/67cac40660b3e8cc78d1d228b7c6915450948ef1,2025-07-10,https://github.com/ionic-team/capacitor/releases/tag/7.4.2,2017-11-18,https://github.com/ionic-team/capacitor/commit/c9d39150b828bba1e489881793fd826dbbf15693,302,https://github.com/ionic-team/capacitor/graphs/contributors,,,,,,,,,,,,
Chart.js,,https://www.chartjs.org/,logos/54cc3e04948b734a19f943540b97c968e5cb0e10d544cc9a5f1242d7b1cc66e1.svg,,,,,,,MIT License,,A simple and flexible library for creating responsive and animated charts.,,,,,,,,,,,,Libraries,Libraries,true,https://github.com/chartjs/Chart.js,66235,Simple HTML5 Charts using the <canvas> tag,2025-07-12,https://github.com/chartjs/Chart.js/commit/6372280085625b43ef34d7b70f3e86b063d22a10,2025-06-14,https://github.com/chartjs/Chart.js/releases/tag/v4.5.0,2013-03-17,https://github.com/chartjs/Chart.js/commit/a9dcf88378a1e626fc4cf58c8708053ffbe89cf7,522,https://github.com/chartjs/Chart.js/graphs/contributors,,,,,,,,,,,,
ClojureScript,,https://clojurescript.org/,logos/c5bde3020ce08d50f9df8f3fefe8cc19211c35ca254a9511b559df7ff1ce60e9.svg,,,,,,,Eclipse Public License 1.0,,A compiler that translates Clojure code to JavaScript for browser or Node.js environments.,,,,,,,,,,,,Languages,Languages,true,https://github.com/clojure/clojurescript,9308,Clojure to JS compiler,2025-07-07,https://github.com/clojure/clojurescript/commit/5027991ea61a2018f008d1f6a81cef025019ee8d,2025-05-16,https://github.com/clojure/clojurescript/releases/tag/r1.12.42,2011-06-02,https://github.com/clojure/clojurescript/commit/515900f9762102987bda7d53b919dafc0b6c0580,228,https://github.com/clojure/clojurescript/graphs/contributors,,,,,,,,,,,,
CoffeeScript,,https://coffeescript.org/,logos/6870364a4e2012b115dce3ec7e8a0b5796cff5bb9c30e9700bf47fbccdfc403c.svg,,,,,,,MIT License,,A concise and expressive language that compiles to JavaScript.,,,,,,,,,,,,Languages,Languages,true,https://github.com/jashkenas/coffeescript,16566,Unfancy JavaScript,2023-09-19,https://github.com/jashkenas/coffeescript/commit/817c39a13065a900725943c33a79252a69d779e2,,,2009-12-13,https://github.com/jashkenas/coffeescript/commit/8e9d637985d2dc9b44922076ad54ffef7fa8e9c2,262,https://github.com/jashkenas/coffeescript/graphs/contributors,,,,,,,,,,,,
Cordova,,https://cordova.apache.org/,logos/6b354565b7be7baf213ea43e5f5464d30d8e550157f90dd7fe5b4d748321b958.svg,https://x.com/apachecordova,,,,,,,,A hybrid mobile app development framework powered by Apache.,,,,,,,,,,,,Mobile Frameworks,Frameworks,,https://github.com/apache/cordova,665,Apache Cordova,2025-03-17,https://github.com/apache/cordova/commit/c6596a10df7a0aebd7dc2a5433dc56d67064c8f7,,,2018-02-21,https://github.com/apache/cordova/commit/607978aaf6333a5d2cf92702939790878ead3141,9,https://github.com/apache/cordova/graphs/contributors,,,,,,,,,,,,
Cycle.js,,https://cycle.js.org/,logos/adad3158c7a28d9756029485295c90dd315ed65ee5fdac65f8ed004d7d7dc475.svg,,,,,,,MIT License,,A functional and reactive framework inspired by functional reactive programming (FRP).,,,,,,,,,,,,Frontend Frameworks,Frameworks,true,https://github.com/cyclejs/cyclejs,10244,A functional and reactive JavaScript framework for predictable code,2023-11-29,https://github.com/cyclejs/cyclejs/commit/2ea9eb98b66da84e4bf514b66d35ba7fb5730814,2017-02-09,https://github.com/cyclejs/cyclejs/releases/tag/unified-tag,2014-11-07,https://github.com/cyclejs/cyclejs/commit/7ff72567a9f34b9b7032f4de499425f6680bd2b1,139,https://github.com/cyclejs/cyclejs/graphs/contributors,,,,,,,,,,,,
Cypress,,https://www.cypress.io/,logos/096c954988c448997f03a6d34932bd6490090cb0c501c39ae31a0d90f0874a86.svg,https://x.com/Cypress_io,,,,,,MIT License,,"With Cypress, you can easily create tests for your modern web applications, debug them visually, and automatically run them in your continuous integration builds.",,,,,,,,,,,,Libraries,Testing,true,https://github.com/cypress-io/cypress,48771,"Fast, easy and reliable testing for anything that runs in a browser.",2025-07-17,https://github.com/cypress-io/cypress/commit/d5a477ffd9d6a91b46666fb8284b090a91ac244c,2025-07-15,https://github.com/cypress-io/cypress/releases/tag/v14.5.2,2014-06-06,https://github.com/cypress-io/cypress/commit/9fb9453623eeeca705181420f92529862f9111aa,525,https://github.com/cypress-io/cypress/graphs/contributors,,,,,,,,,,,,
D3.js,,https://d3js.org/,logos/c549d402dbac55dfc4fbbbfd366cfd36d7dc4555dc8e9f3349d2180682b06328.svg,,,,,,,ISC License,,A powerful library for creating dynamic and interactive data visualizations.,,,,,,,,,,,,Libraries,Libraries,true,https://github.com/d3/d3,111075,"Bring data to life with SVG, Canvas and HTML. :bar_chart::chart_with_upwards_trend::tada:",2025-03-10,https://github.com/d3/d3/commit/ab223942829a0eee2128d60f31cf24fb7153ec46,2024-03-12,https://github.com/d3/d3/releases/tag/v7.9.0,2010-09-27,https://github.com/d3/d3/commit/b2aa3c7355f46634738b46789c649c4e2da94e3e,153,https://github.com/d3/d3/graphs/contributors,,,,,,,,,,,,
Deno,,https://deno.com/,logos/2fe310c0c0e505b5396c87b1d10e0c7a7ca611499a7d876e2c7e50333cdb1ee2.svg,https://x.com/deno_land,,,,,,MIT License,,A secure and modern runtime for JavaScript and TypeScript with first-class module support.,,,,,,,,,,,,Engines and Runtimes,Runtimes,true,https://github.com/denoland/deno,103623,A modern runtime for JavaScript and TypeScript.,2025-07-18,https://github.com/denoland/deno/commit/ca4f4b4788a896ea6a94579e5e95a7e7669498fa,2025-07-16,https://github.com/denoland/deno/releases/tag/v2.4.2,2018-05-14,https://github.com/denoland/deno/commit/f7c5e19081920f59ce2006d3255a58fb611b6a17,1101,https://github.com/denoland/deno/graphs/contributors,,,,,,,,,,,,
Derby,,https://derbyjs.com/,logos/5c35b0a17fb60b2368f37243494e9e8657824fc13043d201f53f64e3710c6fee.svg,,,,,,,,,A full-stack MVC framework for real-time collaborative applications.,,,,,,,,,,,,Full-stack Frameworks,Frameworks,,https://github.com/derbyjs/derby,4715,"MVC framework making it easy to write realtime, collaborative applications that run in both Node.js and browsers",2024-10-24,https://github.com/derbyjs/derby/commit/9968348205560323c592aa3f81e38ff8ffdc62e8,2024-10-24,https://github.com/derbyjs/derby/releases/tag/v4.2.3,2011-04-09,https://github.com/derbyjs/derby/commit/613e61ab22cd8db01feb4ea13bc2d6aec9b9f4ad,47,https://github.com/derbyjs/derby/graphs/contributors,,,,,,,,,,,,
Dojo,,https://dojo.io/,logos/eccce208f687df4e6e0ed64c97fedb58cd9657c4e995f1c8d9ac1c3827cc9f16.svg,https://x.com/dojo,,,,,,Other,,A progressive framework for building modern web applications with a focus on performance.,,,,,,,,,,,,Frontend Frameworks,Frameworks,true,https://github.com/dojo/framework,596,Dojo Framework. A Progressive Framework for Modern Web Apps,2022-02-28,https://github.com/dojo/framework/commit/25792a62cfca9e75a462ae7d88748dcca1e296e6,2022-03-04,https://github.com/dojo/framework/releases/tag/v8.0.0,2015-04-21,https://github.com/dojo/framework/commit/762aac48d5ad91d66ab4d77b5b7d7769414a070c,52,https://github.com/dojo/framework/graphs/contributors,,,,,,,,,,,,
Dojo Toolkit,,https://dojotoolkit.org/,logos/f3213e6729fb8f99f89b06a3365598b8eb94c4f4f17c977988dc40f75dccaf65.svg,https://x.com/dojo,,,,,,Other,,A comprehensive JavaScript toolkit for enterprise-level web development.,,,,,,,,,,,,Frontend Frameworks,Frameworks,true,https://github.com/dojo/dojo,1572,Dojo 1 - the Dojo 1 toolkit core library.,2023-05-20,https://github.com/dojo/dojo/commit/185a4fb314de482a1b6b5668095b998da9c1b58f,,,2007-02-23,https://github.com/dojo/dojo/commit/e570bcd3937439bbff499f475d175a91b08cb355,139,https://github.com/dojo/dojo/graphs/contributors,,,,,,,,,,,,
Drizzle,,https://orm.drizzle.team/,logos/810555aacc2a8bd920920ef688035bae5d1899d988a3fa114c8713d2074c8fa2.svg,https://x.com/DrizzleOrm,,,,,,Apache License 2.0,,A TypeScript-first ORM designed for writing database queries in a SQL-like syntax.,,,,,,,,,,,,ORM,ORM,true,https://github.com/drizzle-team/drizzle-orm,29285,"Headless TypeScript ORM with a head. Runs on Node, Bun and Deno. Lives on the Edge and yes, it's a JavaScript ORM too üòÖ",2025-07-14,https://github.com/drizzle-team/drizzle-orm/commit/027921fda2ba61fd6271e49a576e1abd76613fc1,2025-07-14,https://github.com/drizzle-team/drizzle-orm/releases/tag/0.44.3,2022-07-11,https://github.com/drizzle-team/drizzle-orm/commit/2fd57381829af3e78ce1ff24fb7cc07e944a3379,126,https://github.com/drizzle-team/drizzle-orm/graphs/contributors,,,,,,,,,,,,
Dropzone,,https://www.dropzone.dev/,logos/23eda13eb94ff340ba2733c04271022447db484b4d3ea84ed66ed2720cf5d35a.svg,,,,,,,Other,,A drag-and-drop file upload library with customizable drop zones.,,,,,,,,,,,,Frontend Frameworks,UI Libraries,true,https://github.com/dropzone/dropzone,18318,Dropzone is an easy to use drag'n'drop library. It supports image previews and shows nice progress bars.,2022-04-02,https://github.com/dropzone/dropzone/commit/f50d1828ab5df79a76be00d1306cc320e39a27f4,2021-11-29,https://github.com/dropzone/dropzone/releases/tag/v6.0.0-beta.2,2012-02-12,https://github.com/dropzone/dropzone/commit/7c65e7c8303288d26df0d6b7e217a48de8ee1714,89,https://github.com/dropzone/dropzone/graphs/contributors,,,,,,,,,,,,
Effector,,https://effector.dev/,logos/95b46de5ac6defa175225b2d69797e8b2dd9307dc7274204177714fc14dcdf15.svg,https://x.com/effectorjs,,,,,,MIT License,,A state management library focused on functional reactive programming (FRP).,,,,,,,,,,,,Libraries,Libraries,true,https://github.com/effector/effector,4736,Business logic with ease ‚òÑÔ∏è,2025-07-07,https://github.com/effector/effector/commit/9bddf0c7968f7f9cb5c31960b1affba94be9506d,2025-07-04,https://github.com/effector/effector/releases/tag/effector%4023.4.0,2018-01-21,https://github.com/effector/effector/commit/aff1f4e2ea72d5764bd1b46f3a7fcda7712de1cb,166,https://github.com/effector/effector/graphs/contributors,,,,,,,,,,,,
esbuild,,https://esbuild.github.io/,logos/34ae34aa60f40bd61619b69856edc15bb39fa5123a460dfceac7376efee6c8d8.svg,,,,,,,MIT License,,An extremely fast JavaScript bundler and minifier written in Go.,,,,,,,,,,,,Build Tools,Bundlers,true,https://github.com/evanw/esbuild,39129,An extremely fast bundler for the web,2025-07-18,https://github.com/evanw/esbuild/commit/9b42f68f9b1fecf16e72dbcfc5c46504239d6fe6,2025-07-18,https://github.com/evanw/esbuild/releases/tag/v0.25.7,2020-01-15,https://github.com/evanw/esbuild/commit/23c40b1b6a76a8626f1d160f89677ed2c73b6090,118,https://github.com/evanw/esbuild/graphs/contributors,,,,,,,,,,,,
ESDoc,,https://esdoc.org/,logos/111346806a80001d510712882e5d773d72c0bbf1cfa0b0d081c0cfb6e2d65a76.svg,https://x.com/h13i32maru,,,,,,MIT License,,A documentation generator that produces JSDoc-style documentation for JavaScript projects.,,,,,,,,,,,,Tooling,Documentation,true,https://github.com/esdoc/esdoc,2742,ESDoc - Good Documentation for JavaScript,2018-04-29,https://github.com/esdoc/esdoc/commit/38ad523936d425278cc037c9c0e11338faa2709b,2018-04-29,https://github.com/esdoc/esdoc/releases/tag/1.1.0,2015-03-28,https://github.com/esdoc/esdoc/commit/d38d333956dee48341e60fed13e5309f3405e911,42,https://github.com/esdoc/esdoc/graphs/contributors,,,,,,,,,,,,
ESLint,,https://eslint.org/,logos/1f509b24e759ac1f157ef698b3adb5b358d4e659fc2a670a1d0a587b267c040d.svg,https://x.com/geteslint,,,,,,MIT License,,A tool for identifying and reporting on problematic patterns in JavaScript code.,,,,,,,,,,,,Tooling,Formatters and Linters,true,https://github.com/eslint/eslint,26107,Find and fix problems in your JavaScript code.,2025-07-18,https://github.com/eslint/eslint/commit/86e7426e4463ca49ffa5c82e825ecb6aa19ca8a0,2025-07-11,https://github.com/eslint/eslint/releases/tag/v9.31.0,2013-06-29,https://github.com/eslint/eslint/commit/a658d7b0e7d915750f18d666823d54ef2129a9af,1172,https://github.com/eslint/eslint/graphs/contributors,,,,,,,,,,,,
Ethers.js,,https://ethers.io/,logos/e6255edbc9fab7ccb00be20427d1919823da3cbcbbabb2bd82cc08392730db6e.svg,https://x.com/ethersproject,,,,,,MIT License,,A comprehensive library for interacting with Ethereum blockchain and smart contracts.,,,,,,,,,,,,Web3,Libraries,true,https://github.com/ethers-io/ethers.js,8357,Complete Ethereum library and wallet implementation in JavaScript.,2025-07-01,https://github.com/ethers-io/ethers.js/commit/9fd9d41d017a5e3b329aca47c79786e69cd40b99,2025-07-02,https://github.com/ethers-io/ethers.js/releases/tag/v6.15.0,2022-09-05,https://github.com/ethers-io/ethers.js/commit/8278dcb1ca554b9d553e46a248f93652648a739f,1,https://github.com/ethers-io/ethers.js/graphs/contributors,,,,,,,,,,,,
Express.js,,https://expressjs.com/,logos/acff8a3b73946ada217b5a627dac7b669217ff790529e4df95a5d4c703aaa2df.svg,https://x.com/nodejs,,,,,,MIT License,,A minimal and flexible Node.js framework for building web and API applications.,,,,,,,,,,,,Backend Frameworks,Frameworks,true,https://github.com/expressjs/express,67359,"Fast, unopinionated, minimalist web framework for node.",2025-07-16,https://github.com/expressjs/express/commit/ef5f2e13ef64a1575ce8c2d77b180d593644ccfa,2025-03-31,https://github.com/expressjs/express/releases/tag/v5.1.0,2009-06-26,https://github.com/expressjs/express/commit/9998490f93d3ad3d56c00d23c0aa13fac41c3f6b,363,https://github.com/expressjs/express/graphs/contributors,,,,,,,,,,,,
Ext JS,,https://www.sencha.com/products/extjs/,logos/f4874b71368dbf34dd6e66dce267e7e8a7c2cc8a517fdc6f6a655c2faf408e26.svg,,,,,,,,,A framework for building data-intensive web and mobile applications with rich UI components.,,,,,,,,,,,,Frontend Frameworks,Frameworks,,,,,,,,,,,,,,,,,,,,,,,,
Fastify,,https://www.fastify.dev/,logos/eaeeac7c2817fc75ade4a124cb976c0dde964b2af5a105d17ff69948897a59eb.svg,https://twitter.com/fastifyjs,,,,,,Other,,"Fast and low overhead web framework, for Node.js",,,,,,,,,,,,Backend Frameworks,Frameworks,true,https://github.com/fastify/fastify,34171,"Fast and low overhead web framework, for Node.js",2025-07-16,https://github.com/fastify/fastify/commit/95292098426943822fcbc40beaacb314db4bbfbd,2025-06-12,https://github.com/fastify/fastify/releases/tag/v5.4.0,2016-09-28,https://github.com/fastify/fastify/commit/050ede23986f7d2885fbfe47cacab9ecc3e8d9b1,830,https://github.com/fastify/fastify/graphs/contributors,,,,,,,,,,,,
Flight.js,,https://flightjs.github.io/,logos/b8ff0d562b6b5b8885bf4615cc53554c18bcee9690fd33387801d94d8f499967.svg,https://x.com/flightjs,,,,,,MIT License,,A lightweight framework for adding modular and event-driven components to HTML.,,,,,,,,,,,,Frontend Frameworks,Frameworks,true,https://github.com/flightjs/flight,6513,"A component-based, event-driven JavaScript framework from Twitter",2017-06-19,https://github.com/flightjs/flight/commit/f15b32277d2c55c6c595845a87109b09c913c556,2015-10-06,https://github.com/flightjs/flight/releases/tag/v1.5.1,2013-01-30,https://github.com/flightjs/flight/commit/508386e1aec9c57af99fc0375f188416751c189c,69,https://github.com/flightjs/flight/graphs/contributors,,,,,,,,,,,,
Flow,,https://flow.org/,logos/214b82403091334fb1cee2b0c049ab72902a114a3f09ada023e0a9f4a44a6e3a.svg,https://x.com/flowtype,,,,,,MIT License,,A static type checker that helps catch type errors in large JavaScript codebases.,,,,,,,,,,,,Tooling,Type Checkers,true,https://github.com/facebook/flow,22177,Adds static typing to JavaScript to improve developer productivity and code quality.,2025-07-18,https://github.com/facebook/flow/commit/d169ddc90e30792c0a3be90fadaf83870c4fa0ac,2025-07-18,https://github.com/facebook/flow/releases/tag/v0.276.0,2014-10-30,https://github.com/facebook/flow/commit/49820636495b6e36752079117b9e7c34e5c4fc7b,992,https://github.com/facebook/flow/graphs/contributors,,,,,,,,,,,,
Fluxxor,,http://fluxxor.com/,logos/85f25ba081dbac78c672e073605cb82f91460db3acba324e56719664a5812509.svg,,,,,,,MIT License,,Tools for implementing the Flux architecture in JavaScript applications.,,,,,,,,,,,,Libraries,State Management,true,https://github.com/BinaryMuse/fluxxor,1690,:hammer_and_wrench: Flux architecture tools for React,2016-02-08,https://github.com/BinaryMuse/fluxxor/commit/d11e52a4e6c99909e9584a8cd84b0a709ffb3d22,2015-09-18,https://github.com/BinaryMuse/fluxxor/releases/tag/1.7.3,2014-05-11,https://github.com/BinaryMuse/fluxxor/commit/82288608346356ad934f91f00f874756d39d2625,20,https://github.com/BinaryMuse/fluxxor/graphs/contributors,,,,,,,,,,,,
Fresh,,https://fresh.deno.dev,logos/ac3b8c03ba8429bb33e5ba6429033abc144ef84676448287c1798435d76d8d61.svg,,,,,,,MIT License,,A Deno-based framework for building fast and secure web applications.,,,,,,,,,,,,Full-stack Frameworks,Frameworks,true,https://github.com/denoland/fresh,13186,The next-gen web framework.,2025-07-18,https://github.com/denoland/fresh/commit/41cf4ac64ab825c4514690863f6fbb8408002a90,2024-10-14,https://github.com/denoland/fresh/releases/tag/1.7.3,2021-05-07,https://github.com/denoland/fresh/commit/f05c2e3a68bee71be1d18f9c14e27d398f7bf76e,281,https://github.com/denoland/fresh/graphs/contributors,,,,,,,,,,,,
Gatsby,,https://www.gatsbyjs.com/,logos/44dcb89122e5b7e78cd88b0ca8c43b814df17251b1d6e220b47ce353c80b2663.svg,https://x.com/gatsbyjs,,,,,,MIT License,,A static site generator optimized for performance and SEO.,,,,,,,,,,,,Full-stack Frameworks,Frameworks,true,https://github.com/gatsbyjs/gatsby,55906,"The best React-based framework with performance, scalability and security built in.",2025-06-25,https://github.com/gatsbyjs/gatsby/commit/ec81b56ec6ca2fe7513cf0f002dee987e9f77017,2024-11-06,https://github.com/gatsbyjs/gatsby/releases/tag/gatsby%405.14.0,2015-05-21,https://github.com/gatsbyjs/gatsby/commit/24606f5a2d5c85d7b6661403333f34823409bdf3,4371,https://github.com/gatsbyjs/gatsby/graphs/contributors,,,,,,,,,,,,
Glimmer,,https://glimmerjs.com/,logos/28bf268bdd04e5d0951e619de433d7edcfb67b7979cc04ebdbfa5bbc51b8d4be.svg,,,,,,,MIT License,,A fast and lightweight UI component library optimized for rendering complex data-driven applications.,,,,,,,,,,,,Frontend Frameworks,UI Libraries,true,https://github.com/glimmerjs/glimmer.js,751,Central repository for the Glimmer.js project,2024-10-29,https://github.com/glimmerjs/glimmer.js/commit/d89aeb54588488f2a7fd38f0b3cdf51b257329dd,2020-09-18,https://github.com/glimmerjs/glimmer.js/releases/tag/v1.0.2,2017-01-31,https://github.com/glimmerjs/glimmer.js/commit/0a23760680d9f301b8cb93320eef6ee4fc732ef6,53,https://github.com/glimmerjs/glimmer.js/graphs/contributors,,,,,,,,,,,,
Greensock,,https://gsap.com/,logos/231fef1ebf8c25467dc423099ccc6bfb6215d3e48b91ddf6015417f85a3e0066.svg,https://x.com/GreenSock,,,,,,,,A high-performance animation library for creating smooth and complex animations.,,,,,,,,,,,,Libraries,Libraries,,https://github.com/greensock/GSAP,22454,"GSAP (GreenSock Animation Platform), a JavaScript animation library for the modern web",2025-04-30,https://github.com/greensock/GSAP/commit/9f8eca1cc21cab9fc41fa1a3edb984d7ef02fd89,,,2012-09-21,https://github.com/greensock/GSAP/commit/4d0590cda792f89298bfca045ba61814abaae502,3,https://github.com/greensock/GSAP/graphs/contributors,,,,,,,,,,,,
GWT,,http://www.gwtproject.org/,logos/fee516e393206cf86a89604bb838b2c1e5d30b95143290dfc64f0884acc626cd.svg,,,,,,,,,A toolkit for developing complex browser-based applications in Java.,,,,,,,,,,,,Frontend Frameworks,Frameworks,,https://github.com/gwtproject/gwt,1575,GWT Open Source Project,2025-07-16,https://github.com/gwtproject/gwt/commit/a6a8496f127be2f781152172136d5ab48815b1cc,2025-03-03,https://github.com/gwtproject/gwt/releases/tag/2.12.2,2006-12-06,https://github.com/gwtproject/gwt/commit/ab0aa686820319e15d3adf123f4502dc3349f6de,368,https://github.com/gwtproject/gwt/graphs/contributors,,,,,,,,,,,,
Hapi,,https://hapi.dev/,logos/5d4b02c647e55dafef8912317c5fe4eaed1a9e83fae7a2f63db1a13c5389bb92.svg,https://x.com/hapijs,,,,,,Other,,"Build powerful, scalable applications, with minimal overhead and full out-of-the-box functionality - your code, your way",,,,,,,,,,,,Backend Frameworks,Frameworks,true,https://github.com/hapijs/hapi,14706,"The Simple, Secure Framework Developers Trust",2025-03-05,https://github.com/hapijs/hapi/commit/76e6cfeb4d6a4f7d5b945f9c50ac8e12b84e32a5,2023-02-14,https://github.com/hapijs/hapi/releases/tag/v21.3.0,2011-08-06,https://github.com/hapijs/hapi/commit/1c4f07037a5812cec749ed802436fe3c2420f488,248,https://github.com/hapijs/hapi/graphs/contributors,,,,,,,,,,,,
Highcharts,,https://www.highcharts.com/,logos/efe94aff9f680e6021086d7e916971e5cf6036ddfad8b7565820d5d34a44bfee.svg,https://x.com/Highcharts,,,,,,Other,,A feature-rich library for creating interactive and customizable charts.,,,,,,,,,,,,Libraries,Libraries,true,https://github.com/highcharts/highcharts,12300,"Highcharts JS, the JavaScript charting framework",2025-07-18,https://github.com/highcharts/highcharts/commit/8cc3f059e4701870b55783b5f41d74adc01ebf63,,,2010-06-11,https://github.com/highcharts/highcharts/commit/5912c0019b24b5af446ecdce1ff3ff7e7b5f78a8,271,https://github.com/highcharts/highcharts/graphs/contributors,,,,,,,,,,,,
Hono,,https://hono.dev/,logos/23fe0a237ab1ae8b2af3b31df9b5634f597ceb79e8994042bd05ac6629d51e01.svg,https://x.com/honojs,,,,,,MIT License,,A lightweight framework optimized for edge runtime environments and serverless functions.,,,,,,,,,,,,Backend Frameworks,Frameworks,true,https://github.com/honojs/hono,25282,Web framework built on Web Standards,2025-07-14,https://github.com/honojs/hono/commit/89f4c9691dd688d70e2b707fe87a8b97cb932136,2025-07-14,https://github.com/honojs/hono/releases/tag/v4.8.5,2021-12-14,https://github.com/honojs/hono/commit/4a68b0d8d76ddc0691dc82fe27834c7c48390ccd,241,https://github.com/honojs/hono/graphs/contributors,,,,,,,,,,,,
htmx,,https://htmx.org/,logos/5234c50d3f2977dac5c46c0bf87d2d29e8066a881144c5856740eceebc170ab5.svg,https://x.com/htmx_org,,,,,,Other,,A library for building dynamic HTML-based web applications with minimal JavaScript.,,,,,,,,,,,,Frontend Frameworks,UI Libraries,true,https://github.com/bigskysoftware/htmx,45367,</> htmx - high power tools for HTML,2025-07-18,https://github.com/bigskysoftware/htmx/commit/29363deb1a00323fac7ddb56d5cbf1ba4099641d,2025-06-27,https://github.com/bigskysoftware/htmx/releases/tag/v2.0.6,2020-04-13,https://github.com/bigskysoftware/htmx/commit/e38dea64dd1065003a0e833d7b469d24e6bc2919,437,https://github.com/bigskysoftware/htmx/graphs/contributors,,,,,,,,,,,,
Immer,,https://immerjs.github.io/immer/,logos/be80e0dd661da9a572acfb5003d243c2ba4d599a1acf2660c6442f6029c407d9.svg,,,,,,,MIT License,,"A library for producing immutable updates to state using ""mutating"" syntax.",,,,,,,,,,,,Libraries,State Management,true,https://github.com/immerjs/immer,28493,Create the next immutable state by mutating the current one,2024-09-19,https://github.com/immerjs/immer/commit/19cbe47ae3db3b4a8940409ab1814ce1a9af3458,2024-04-27,https://github.com/immerjs/immer/releases/tag/v10.1.1,2017-12-29,https://github.com/immerjs/immer/commit/3879ce3e23950b8e071411e4f23809f7cbb66fe5,200,https://github.com/immerjs/immer/graphs/contributors,,,,,,,,,,,,
Immutable.js,,https://immutable-js.com/,logos/205262c0adb06e1c10ae4bfda4e41c78847ff8643da549f8fa9fe26ea074a366.svg,,,,,,,MIT License,,A library for working with immutable collections and data structures in JavaScript.,,,,,,,,,,,,Libraries,State Management,true,https://github.com/immutable-js/immutable-js,33048,Immutable persistent data collections for Javascript which increase efficiency and simplicity.,2025-07-02,https://github.com/immutable-js/immutable-js/commit/879adab5ea333a5ca341635bcf799c3b8f9e7559,2025-06-11,https://github.com/immutable-js/immutable-js/releases/tag/v5.1.3,2014-05-29,https://github.com/immutable-js/immutable-js/commit/b82b6191fb18395d22ff516adf06a61124ffe6d6,236,https://github.com/immutable-js/immutable-js/graphs/contributors,,,,,,,,,,,,
JavaScript Core,,https://developer.apple.com/documentation/javascriptcore,logos/543d82e80a50560b0799fd7edf3b8617e0e836c50eaeda594117f6daedddf108.svg,,,,,,,Other,,Apple's JavaScript engine for Safari and other macOS/iOS applications.,,,,,,,,,,,,Engines and Runtimes,JavaScript Engines,true,https://github.com/apple-opensource/JavaScriptCore,19,,2021-07-27,https://github.com/apple-opensource/JavaScriptCore/commit/0fef5867b35d102552ed4076e69809e9c5c0cb98,,,2016-09-02,https://github.com/apple-opensource/JavaScriptCore/commit/73b82bd5d74073935dbd22dfc54af42ed2f4d8ba,1,https://github.com/apple-opensource/JavaScriptCore/graphs/contributors,,,,,,,,,,,,
Jest,,https://jestjs.io/,logos/1026fbfddd8862a76c51f70805f6036914229fce0ea35251e6e38f0c650d1c13.svg,https://x.com/jestjs,,,,,,MIT License,,Jest is a delightful JavaScript Testing Framework with a focus on simplicity.,,,,,,,,,,,,Libraries,Testing,true,https://github.com/jestjs/jest,44903,Delightful JavaScript Testing.,2025-07-18,https://github.com/jestjs/jest/commit/2a436b81249e31db22b27d1182ae15b439290efe,2025-06-19,https://github.com/jestjs/jest/releases/tag/v30.0.2,2014-05-14,https://github.com/jestjs/jest/commit/88a94d5d1bc1f387317a3068bf510ab992c5dc64,1709,https://github.com/jestjs/jest/graphs/contributors,,,,,,,,,,,,
jQuery,,https://jquery.com/,logos/0601339b0b42906c237a8a18180816fff50f3c8addfefe0b55c850607b88cb84.svg,https://x.com/jquery,,,,,,MIT License,,A foundational JavaScript library for simplifying DOM manipulation and AJAX requests.,,,,,,,,,,,,Frontend Frameworks,UI Libraries,true,https://github.com/jquery/jquery,59537,jQuery JavaScript Library,2025-06-02,https://github.com/jquery/jquery/commit/0ef6020295b670ad91fba530c854f863faa97a90,2023-08-28,https://github.com/jquery/jquery/releases/tag/3.7.1,2006-03-22,https://github.com/jquery/jquery/commit/8a4a1edf047f2c272f663866eb7b5fcd644d65b3,342,https://github.com/jquery/jquery/graphs/contributors,,,,,,,,,,,,
jQuery Mobile,,https://jquerymobile.com/,logos/65fa9d1034b9fd27a87ecf586e9a80a53e9a6b62439aec226a025657e7d2063d.svg,https://x.com/jquerymobile,,,,,,Other,,A touch-friendly framework for building responsive mobile web applications.,,,,,,,,,,,,Frontend Frameworks,UI Libraries,true,https://github.com/jquery-archive/jquery-mobile,9644,jQuery Mobile Framework,2021-10-07,https://github.com/jquery-archive/jquery-mobile/commit/1c3a17624608a1650124020bea7d0dadf365475f,,,2010-09-10,https://github.com/jquery-archive/jquery-mobile/commit/1d0fd4a7d8b852e10dfe91cd2920579ea4c30cc3,292,https://github.com/jquery/jquery-mobile/graphs/contributors,,,,,,,,,,,,
Knex.js,,https://knexjs.org/,logos/cbb93a0c301ee8f5e935e275a2413f46cd2da6264fa64f1169f4e3baa99923ac.svg,,,,,,,MIT License,,A SQL query builder that supports multiple databases and transactions.,,,,,,,,,,,,Libraries,Query Builder,true,https://github.com/knex/knex,19919,"A query builder for PostgreSQL, MySQL, CockroachDB, SQL Server, SQLite3 and Oracle, designed to be flexible, portable, and fun to use.",2025-02-28,https://github.com/knex/knex/commit/9bd12999907436c2ef51f786df09a9a7e8931cca,2023-12-07,https://github.com/knex/knex/releases/tag/3.1.0,2012-12-29,https://github.com/knex/knex/commit/18aac56d0664efd939ac40046696ce699d9e91f9,580,https://github.com/knex/knex/graphs/contributors,,,,,,,,,,,,
Knockout,,https://knockoutjs.com/,logos/280a72ae9c936cdb5a83761afdfbc4daa093db61d76cc73a06b2363b92de2f60.svg,https://x.com/knockoutjs,,,,,,Other,,A library for creating dynamic and responsive user interfaces with a clean MVVM architecture.,,,,,,,,,,,,Frontend Frameworks,UI Libraries,true,https://github.com/knockout/knockout,10513,"Knockout makes it easier to create rich, responsive UIs with JavaScript",2021-09-07,https://github.com/knockout/knockout/commit/45e86bf0347cf742ca359bab051ea82fdfae7a5d,2019-11-05,https://github.com/knockout/knockout/releases/tag/v3.5.1,2010-07-05,https://github.com/knockout/knockout/commit/14e4df51ed5753a6e00687e7a22ce88827413cd5,103,https://github.com/knockout/knockout/graphs/contributors,,,,,,,,,,,,
Koa,,https://koajs.com/,logos/0d5772af499f0350d0ad33d7d8ebf89c6fee0af080669c157fc5fa3977cb8ad3.svg,,,,,,,MIT License,,A next-generation web framework for Node.js,,,,,,,,,,,,Backend Frameworks,Frameworks,true,https://github.com/koajs/koa,35573,Expressive middleware for node.js using ES2017 async functions,2025-06-28,https://github.com/koajs/koa/commit/cb22d8dcdeb7c0e4e1bdee5eaa5be183ef23a1f2,2025-04-28,https://github.com/koajs/koa/releases/tag/v3.0.0,2013-08-17,https://github.com/koajs/koa/commit/9e167c5ed9c2411723a444ff28b2ccb23817de88,242,https://github.com/koajs/koa/graphs/contributors,,,,,,,,,,,,
Kong,,https://konghq.com/,logos/6ef56f1c6eb59680ba88f28d6a2c730646262b00bf6b4f12a6e75b1577580c5b.svg,https://x.com/thekonginc,,,,,,Apache License 2.0,,A cloud-native API gateway for managing and securing microservices.,,,,,,,,,,,,Tooling,API Gateway,true,https://github.com/Kong/kong,41324,ü¶ç The Cloud-Native API Gateway and AI Gateway.,2025-07-17,https://github.com/Kong/kong/commit/51b6eb732cdccb687e504edb81c293410af37cea,2025-06-04,https://github.com/Kong/kong/releases/tag/3.9.1,2014-11-17,https://github.com/Kong/kong/commit/ffd70b3101ba38d9acc776038d124f6e2fccac3c,437,https://github.com/Kong/kong/graphs/contributors,,,,,,,,,,,,
Leaflet,,https://leafletjs.com/,logos/7f46c053c84c498798d2142de2044001e59f2261fe936876f9ca5ba16f9e4106.svg,https://x.com/LeafletJS,,,,,,"BSD 2-Clause ""Simplified"" License",,"A lightweight library for creating interactive maps with markers, popups, and tile layers.",,,,,,,,,,,,Libraries,Mapping,true,https://github.com/Leaflet/Leaflet,43184,üçÉ JavaScript library for mobile-friendly interactive maps üá∫üá¶,2025-07-18,https://github.com/Leaflet/Leaflet/commit/4b40a2a219037af70c77b8ecf6cd2b84514cd890,2023-05-18,https://github.com/Leaflet/Leaflet/releases/tag/v1.9.4,2010-09-01,https://github.com/Leaflet/Leaflet/commit/eb5b7d706b9f439863172c522add77a0193dbda8,1003,https://github.com/Leaflet/Leaflet/graphs/contributors,,,,,,,,,,,,
Lexical,,https://lexical.dev/,logos/326a92f182848acc261855bb6d1be95d2709ce20a289f68908eb3d9692cf7370.svg,,,,,,,MIT License,,A framework for building rich text editors with a focus on extensibility and performance.,,,,,,,,,,,,Libraries,Text Editor,true,https://github.com/facebook/lexical,21612,"Lexical is an extensible text editor framework that provides excellent reliability, accessibility and performance.",2025-07-18,https://github.com/facebook/lexical/commit/695fd3d7b30144f4e302ee44a3959681a763b936,2025-07-10,https://github.com/facebook/lexical/releases/tag/v0.33.1,2020-10-22,https://github.com/facebook/lexical/commit/d57ab6e3bca8fc4ddf2ef5f1627d5a8d480a58d5,492,https://github.com/facebook/lexical/graphs/contributors,,,,,,,,,,,,
Microcosm,,https://github.com/vigetlabs/microcosm,logos/07ded753c1d7186d22e6ff6ea2eabe96c8085c8e7bba1f35e40fdb9fb2929302.svg,,,,,,,MIT License,,A state management library for creating composable and predictable application states.,,,,,,,,,,,,Libraries,State Management,true,https://github.com/vigetlabs/microcosm,487,"Flux with actions at center stage. Write optimistic updates, cancel requests, and track changes with ease. ",2019-09-09,https://github.com/vigetlabs/microcosm/commit/c5a352cc432fece5c526e25c604363570b2418ee,2018-06-26,https://github.com/vigetlabs/microcosm/releases/tag/v12.14.0,2015-03-14,https://github.com/vigetlabs/microcosm/commit/f79f15a0e18d29474960dc738b4e4ee011c46c7d,16,https://github.com/vigetlabs/microcosm/graphs/contributors,,,,,,,,,,,,
MobX,,https://mobx.js.org/,logos/e7239d43170c5c7bb4eca9bb6458e7e9e4c443f8b9cab1f3d0146cecf2a86403.svg,https://x.com/mobxjs,,,,,,MIT License,,A simple and scalable state management library with reactive data binding.,,,,,,,,,,,,Libraries,State Management,true,https://github.com/mobxjs/mobx,27972,"Simple, scalable state management.",2025-06-15,https://github.com/mobxjs/mobx/commit/761a8dd4a658180fa5af546a155df994e78496bc,2025-03-17,https://github.com/mobxjs/mobx/releases/tag/mobx%406.13.7,2015-03-14,https://github.com/mobxjs/mobx/commit/8df24968b335ba64e86d93238fbf654c5e010a2a,363,https://github.com/mobxjs/mobx/graphs/contributors,,,,,,,,,,,,
Mocha,,https://mochajs.org/,logos/d4a22f0eb870dc8eec49203016bccbc54d8055b6fabc6cb3e11ed06e4796cd63.svg,,,,,,,MIT License,,"Mocha is a feature-rich JavaScript test framework running on Node.js and in the browser, making asynchronous testing simple and fun. Mocha tests run serially, allowing for flexible and accurate reporting, while mapping uncaught exceptions to the correct test cases.",,,,,,,,,,,,Libraries,Testing,true,https://github.com/mochajs/mocha,22800,"‚òïÔ∏è simple, flexible, fun javascript test framework for node.js & the browser",2025-07-19,https://github.com/mochajs/mocha/commit/1096b376c3c3bb9d4256c643ad35a459ed750928,2025-06-24,https://github.com/mochajs/mocha/releases/tag/v11.7.1,2011-08-29,https://github.com/mochajs/mocha/commit/d6a539ee2b083fcf5603d2bd61bc721c8c7bf11d,576,https://github.com/mochajs/mocha/graphs/contributors,,,,,,,,,,,,
NestJS,,https://nestjs.com/,logos/45206120d4c26481870a208faa2d196faec12318bada3df6b062d0c14c2494cf.svg,https://twitter.com/nestframework,,,,,,MIT License,,"A progressive Node.js framework for building efficient, reliable and scalable server-side applications.",,,,,,,,,,,,Backend Frameworks,Frameworks,true,https://github.com/nestjs/nest,71840,"A progressive Node.js framework for building efficient, scalable, and enterprise-grade server-side applications with TypeScript/JavaScript üöÄ",2025-07-18,https://github.com/nestjs/nest/commit/9bb0560e79743cc0bd2ce198c65e21332200c3ad,2025-07-18,https://github.com/nestjs/nest/releases/tag/v11.1.5,2017-01-08,https://github.com/nestjs/nest/commit/f7c8d10fb20943bc7102c73d5ecbe49e6c0b5ea1,615,https://github.com/nestjs/nest/graphs/contributors,,,,,,,,,,,,
Next.js,,https://nextjs.org/,logos/c63e6627dee29d719dc79085277c9bcd2ed1ec633b72a2542293811d7ccab34e.svg,,,,,,,MIT License,,A React framework for server-side rendering and static site generation.,,,,,,,,,,,,Full-stack Frameworks,Frameworks,true,https://github.com/vercel/next.js,133281,The React Framework,2025-07-19,https://github.com/vercel/next.js/commit/443a31b99021d8c2a191cc5abb1c21859d720fb9,2025-07-18,https://github.com/vercel/next.js/releases/tag/v15.4.2,2016-10-05,https://github.com/vercel/next.js/commit/04578072ec60eb9e5c5e1b6787ed695a16e4529e,3901,https://github.com/vercel/next.js/graphs/contributors,,,,,,,,,,,,
Node.js,,https://nodejs.org/,logos/a837a7356ccfbddff1226e11f82532bfcdd8c08a7192c76734dfa20cd1a33229.svg,https://twitter.com/nodejs,,,,,,Other,,A JavaScript runtime built on Chrome's V8 engine for server-side and command-line applications.,,,,,,,,,,,,Engines and Runtimes,Runtimes,true,https://github.com/nodejs/node,112262,Node.js JavaScript runtime ‚ú®üê¢üöÄ‚ú®,2025-07-10,https://github.com/nodejs/node/commit/35e599b3d0c25442e0b15c4e45a5b9cf59f6489e,2025-07-15,https://github.com/nodejs/node/releases/tag/v24.4.1,2009-02-16,https://github.com/nodejs/node/commit/9d7895c567e8f38abfff35da1b6d6d6a0a06f9aa,4164,https://github.com/nodejs/node/graphs/contributors,,,,,,,,,,,,
npm,,https://www.npmjs.com/,logos/84ede0ee6b1cbf6ff321029ad2df61cd2a921122c4b98a3bb7bc81a9a39dab22.svg,https://x.com/npmjs,,,,,,Other,,The default package manager for Node.js with a vast ecosystem of open-source packages.,,,,,,,,,,,,Tooling,Package Managers,true,https://github.com/npm/cli,8996,the package manager for JavaScript,2025-07-15,https://github.com/npm/cli/commit/6dbe21ab659c4e32657fec63fc58bb3f4992f4f1,2025-06-12,https://github.com/npm/cli/releases/tag/v11.4.2,2009-09-29,https://github.com/npm/cli/commit/4626dfa73b7847e9c42c1f799935f8242794d020,949,https://github.com/npm/cli/graphs/contributors,,,,,,,,,,,,
OpenLayers,,https://openlayers.org/,logos/58a1b9d141eac4090aa489b68cc076fc661e78b8263a59a09dd84a8378b9a31a.svg,,,,,,,"BSD 2-Clause ""Simplified"" License",,A high-performance library for rendering vector and raster maps with advanced features.,,,,,,,,,,,,Libraries,Mapping,true,https://github.com/openlayers/openlayers,11981,OpenLayers,2025-07-15,https://github.com/openlayers/openlayers/commit/37580bc0cbc311f6371a158c4f51587efb655dea,2025-06-16,https://github.com/openlayers/openlayers/releases/tag/v10.6.0,2006-05-12,https://github.com/openlayers/openlayers/commit/6810d70bddeccb486bbe88b92ee634eb16240e98,507,https://github.com/openlayers/openlayers/graphs/contributors,,,,,,,,,,,,
p5.js,,https://p5js.org/,logos/551ea98313961c485adaa92f63ceef51a04d3a37ce8718d6c981ceda52969d53.svg,https://x.com/p5xjs,,,,,,GNU Lesser General Public License v2.1,,A JavaScript library for creative coding and visual arts.,,,,,,,,,,,,Libraries,Libraries,true,https://github.com/processing/p5.js,22777,"p5.js is a client-side JS platform that empowers artists, designers, students, and anyone to learn to code and express themselves creatively on the web. It is based on the core principles of Processing. http://twitter.com/p5xjs ‚Äî",2025-07-18,https://github.com/processing/p5.js/commit/eadd761c3d64cf8594dba43585afa126e177b2d2,2025-05-30,https://github.com/processing/p5.js/releases/tag/v2.0.3,2013-02-26,https://github.com/processing/p5.js/commit/2bccc6c3d7184622419672d526db2bd35e46b6dd,821,https://github.com/processing/p5.js/graphs/contributors,,,,,,,,,,,,
Parcel,,https://parceljs.org/,logos/fbc9640ee58f0948974d123e6b3c9807d151ae082e7955259a4582a3c732691f.svg,,,,,,,MIT License,,A zero-configuration build tool for the modern web.,,,,,,,,,,,,Build Tools,Bundlers,true,https://github.com/parcel-bundler/parcel,43901,The zero configuration build tool for the web. üì¶üöÄ,2025-06-20,https://github.com/parcel-bundler/parcel/commit/dadcead5ec12286a4d4115880f47cab02dbdbbf6,2025-06-20,https://github.com/parcel-bundler/parcel/releases/tag/v2.15.3,2017-08-05,https://github.com/parcel-bundler/parcel/commit/48a21e998b7e44fec069d57519a6694283ce73fb,431,https://github.com/parcel-bundler/parcel/graphs/contributors,,,,,,,,,,,,
Playwright,,https://playwright.dev/,logos/3898507fc4d01b9f5e1e4a68d598ff46979a7599e2340b90a4ea5474de00ed12.svg,https://x.com/playwrightweb,,,,,,Apache License 2.0,,"Playwright Test was created specifically to accommodate the needs of end-to-end testing. Playwright supports all modern rendering engines including Chromium, WebKit, and Firefox. Test on Windows, Linux, and macOS, locally or on CI, headless or headed with native mobile emulation of Google Chrome for Android and Mobile Safari.",,,,,,,,,,,,Libraries,Testing,true,https://github.com/microsoft/playwright,74942,"Playwright is a framework for Web Testing and Automation. It allows testing Chromium, Firefox and WebKit with a single API. ",2025-07-18,https://github.com/microsoft/playwright/commit/248d29ed7844530b2e40c4570ef7aa538dea41af,2025-07-11,https://github.com/microsoft/playwright/releases/tag/v1.54.1,2019-11-15,https://github.com/microsoft/playwright/commit/3261ad74363f6f039fd60ca68abd6eeb73c3f97f,646,https://github.com/microsoft/playwright/graphs/contributors,,,,,,,,,,,,
pnpm,,https://pnpm.io/,logos/b6e4ffa3c048b62910ab94572ec668d00ffaef694de57412d7ea55e4717b96cf.svg,,,,,,,MIT License,,"A fast, disk space-efficient package manager that uses symlinks to save space",,,,,,,,,,,,Tooling,Package Managers,true,https://github.com/pnpm/pnpm,32140,"Fast, disk space efficient package manager",2025-07-18,https://github.com/pnpm/pnpm/commit/b7d9301e4b254efd9799c0c1bd8e96f23625b634,2025-07-09,https://github.com/pnpm/pnpm/releases/tag/v10.13.1,2016-01-27,https://github.com/pnpm/pnpm/commit/4b42e5fcc402310d028ac54ba8fe979f7c4470af,324,https://github.com/pnpm/pnpm/graphs/contributors,,,,,,,,,,,,
Prettier,,https://prettier.io/,logos/7a84c98cf3ec8d2ac1e57a5811a85784bec8872247d61b143c3605ea55df5c8a.svg,https://x.com/PrettierCode,,,,,,MIT License,,A code formatter that enforces consistent style across all files in a project.,,,,,,,,,,,,Tooling,Formatters and Linters,true,https://github.com/prettier/prettier,50734,Prettier is an opinionated code formatter.,2025-07-19,https://github.com/prettier/prettier/commit/c9b4980bd24dae102896d1c3a1d2b3a04ec53bf5,2025-06-27,https://github.com/prettier/prettier/releases/tag/3.6.2,2016-11-29,https://github.com/prettier/prettier/commit/29627ee520307494c45073701b20ef64effd3a8f,767,https://github.com/prettier/prettier/graphs/contributors,,,,,,,,,,,,
Prisma,,https://www.prisma.io/,logos/d1e24e513a3b53b047b20eb268235de5def32dc71d9c840b8dc552cab7eee88f.svg,https://twitter.com/prisma,,,,,,Apache License 2.0,,A modern ORM for Node.js and TypeScript that simplifies database access and management.,,,,,,,,,,,,ORM,ORM,true,https://github.com/prisma/prisma,42894,"Next-generation ORM for Node.js & TypeScript | PostgreSQL, MySQL, MariaDB, SQL Server, SQLite, MongoDB and CockroachDB",2025-07-18,https://github.com/prisma/prisma/commit/ae2f2e4617405e217c219af6b52176c1d6c811f5,2025-07-15,https://github.com/prisma/prisma/releases/tag/6.12.0,2019-04-29,https://github.com/prisma/prisma/commit/9c076bbfddb709811423d74be933b86ff1e696eb,305,https://github.com/prisma/prisma/graphs/contributors,,,,,,,,,,,,
PureScript,,https://www.purescript.org/,logos/bef9868b391d589fa6e4587b60e497b596d29e315f174a4ed10cddb8c170f786.svg,https://x.com/purescript,,,,,,Other,,A strongly typed functional programming language that compiles to JavaScript.,,,,,,,,,,,,Languages,Languages,true,https://github.com/purescript/purescript,8731,A strongly-typed language that compiles to JavaScript,2025-06-27,https://github.com/purescript/purescript/commit/9dd761a3805a0c04b90db915599c1c6d8a3bb68e,2024-02-07,https://github.com/purescript/purescript/releases/tag/v0.15.15,2013-09-30,https://github.com/purescript/purescript/commit/291a6d4ddd88c65a8a0c5368441c1b7c639ca854,207,https://github.com/purescript/purescript/graphs/contributors,,,,,,,,,,,,
Qwik,,https://qwik.dev/,logos/bff28c0de681d41db97a8b6b5f5bb05da2a7c3d7b9cec0c0761b976c7501f2aa.svg,https://x.com/QwikDev,,,,,,MIT License,,A high-performance framework for building fast and scalable web applications.,,,,,,,,,,,,Frontend Frameworks,Frameworks,true,https://github.com/QwikDev/qwik,21515,"Instant-loading web apps, without effort",2025-07-18,https://github.com/QwikDev/qwik/commit/f4f3290759132fa269db83e0900ed02ec8b9ad6b,2025-05-21,https://github.com/QwikDev/qwik/releases/tag/eslint-plugin-qwik%401.14.1,2021-02-13,https://github.com/QwikDev/qwik/commit/bfaf99c568b0eea147a40d1503370cd6de1bf4ea,611,https://github.com/QwikDev/qwik/graphs/contributors,,,,,,,,,,,,
Ramda,,https://ramdajs.com/,logos/865e672f36d59710f418e18663a60eee0729d581a206623c3186c424df38fcde.svg,,,,,,,MIT License,,A functional programming library providing utility functions for immutable data manipulation.,,,,,,,,,,,,Libraries,Libraries,true,https://github.com/ramda/ramda,24029,:ram: Practical functional Javascript,2025-07-18,https://github.com/ramda/ramda/commit/3c812693a81fe00d5ab1ac273b76f484627811cb,2025-06-22,https://github.com/ramda/ramda/releases/tag/v0.31.3,2013-06-21,https://github.com/ramda/ramda/commit/b625e17249030781b5b0d338c95953f6200d9c6f,359,https://github.com/ramda/ramda/graphs/contributors,,,,,,,,,,,,
React,,https://react.dev/,logos/47f80a0d42e83e69b390d1917309a00b0c5d486d08a545df1ce8d93deb542674.svg,,,,,,,MIT License,,"A JavaScript library for building user interfaces, maintained by Meta (Facebook).",,,,,,,,,,,,Frontend Frameworks,UI Libraries,true,https://github.com/facebook/react,237398,The library for web and native user interfaces.,2025-07-17,https://github.com/facebook/react/commit/dffacc7b8094576c19790fe8341996f743ba4a89,2025-03-28,https://github.com/facebook/react/releases/tag/v19.1.0,2013-05-29,https://github.com/facebook/react/commit/75897c2dcd1dd3a6ca46284dd37e13d22b4b16b4,1937,https://github.com/facebook/react/graphs/contributors,,,,,,,,,,,,
React Native,,https://reactnative.dev/,logos/47f80a0d42e83e69b390d1917309a00b0c5d486d08a545df1ce8d93deb542674.svg,https://x.com/reactjs,,,,,,MIT License,,A framework for building native mobile apps using React and JavaScript.,,,,,,,,,,,,Mobile Frameworks,Frameworks,true,https://github.com/facebook/react-native,123091,A framework for building native applications using React,2025-07-19,https://github.com/facebook/react-native/commit/ff85e2f6dd1949095fe20fa8e3100e5d6b685f44,2025-07-02,https://github.com/facebook/react-native/releases/tag/v0.80.1,2015-01-30,https://github.com/facebook/react-native/commit/a15603d8f1ecdd673d80be318293cee53eb4475d,4003,https://github.com/facebook/react-native/graphs/contributors,,,,,,,,,,,,
Recoil,,https://recoiljs.org/,logos/57461e9c5930ac9397112af198659f9d9c3adcc5b8842a21214b30a1f4ffa009.svg,https://x.com/recoiljs,,,,,,MIT License,,A state management library for React applications,,,,,,,,,,,,Libraries,State Management,true,https://github.com/facebookexperimental/Recoil,19604,"Recoil is an experimental state management library for React apps. It provides several capabilities that are difficult to achieve with React alone, while being compatible with the newest features of React.",2023-09-07,https://github.com/facebookexperimental/Recoil/commit/c1b97f3a0117cad76cbc6ab3cb06d89a9ce717af,2023-04-11,https://github.com/facebookexperimental/Recoil/releases/tag/0.7.7,2020-05-05,https://github.com/facebookexperimental/Recoil/commit/825b4aa94fab367901c9b1a2fb36f83b7a1ebd0f,125,https://github.com/facebookexperimental/Recoil/graphs/contributors,,,,,,,,,,,,
Redux,,https://redux.js.org/,logos/633e6100fc168117d324e3462d20d51aa208afbd22c28794919e4508adc23ce0.svg,,,,,,,,,A predictable state container for JavaScript applications with a time-travel debugger.,,,,,,,,,,,,Libraries,State Management,,,,,,,,,,,,,,,,,,,,,,,,
RequireJS,,https://requirejs.org/,logos/821735d9b123f0e3731ee2a35c320b99000d65c0addc72857d03d8b06a99fbba.svg,https://x.com/jrburke,,,,,,Other,,A module loader that simplifies the management of JavaScript dependencies.,,,,,,,,,,,,Tooling,Module Loaders,true,https://github.com/requirejs/requirejs,12956,A file and module loader for JavaScript,2024-07-20,https://github.com/requirejs/requirejs/commit/945ae6b41ef81851a030d93759bd36ac75a39958,,,2009-09-28,https://github.com/requirejs/requirejs/commit/d7ce62d5189818bcf1fab46b30e91f6d059d62bb,115,https://github.com/requirejs/requirejs/graphs/contributors,,,,,,,,,,,,
ReScript,,https://rescript-lang.org/,logos/77563c7567778b747b89a31f4aeef91f4a79ed172bc6730482e4133300cda57b.svg,https://x.com/rescriptlang,,,,,,Other,,A statically typed language that compiles to idiomatic and efficient JavaScript.,,,,,,,,,,,,Languages,Languages,true,https://github.com/rescript-lang/rescript,7123,ReScript is a robustly typed language that compiles to efficient and human-readable JavaScript.,2025-07-18,https://github.com/rescript-lang/rescript/commit/8ed879ef1babe529c4839aa6b6721ce50262d7d9,2024-09-10,https://github.com/rescript-lang/rescript/releases/tag/v11.1.4,2010-10-15,https://github.com/rescript-lang/rescript/commit/a626ee8bd3c77b05a38e2ebb2f82f49738e404e2,384,https://github.com/rescript-lang/rescript/graphs/contributors,,,,,,,,,,,,
Rollup,,https://rollupjs.org/,logos/ce2e56babdead2f5a6d0bb0f68c9a0f96bd4cd93e9d992afca97a3fca7761900.svg,https://x.com/RollupJS,,,,,,Other,,A modular bundler for JavaScript with a focus on tree-shaking and ES module support.,,,,,,,,,,,,Build Tools,Bundlers,true,https://github.com/rollup/rollup,25895,Next-generation ES module bundler,2025-07-18,https://github.com/rollup/rollup/commit/c7a890771f9b4b48748fa4789aee83f1921e32f1,2025-07-15,https://github.com/rollup/rollup/releases/tag/v4.45.1,2015-05-14,https://github.com/rollup/rollup/commit/f9efb42fc7969a7c3ee23b8e18d614b0bd18ee6c,417,https://github.com/rollup/rollup/graphs/contributors,,,,,,,,,,,,
Sequelize,,https://sequelize.org/,logos/fca9b648a3e5c2afd1af823877fcc61d306b9791823481a2839f877085259b5c.svg,https://twitter.com/SequelizeJS,,,,,,MIT License,,"Sequelize is a modern TypeScript and Node.js ORM for Oracle, Postgres, MySQL, MariaDB, SQLite and SQL Server, and more. Featuring solid transaction support, relations, eager and lazy loading, read replication and more.",,,,,,,,,,,,ORM,ORM,true,https://github.com/sequelize/sequelize,30086,"Feature-rich ORM for modern Node.js and TypeScript, it supports PostgreSQL (with JSON and JSONB support), MySQL, MariaDB, SQLite, MS SQL Server, Snowflake, Oracle DB (v6), DB2 and DB2 for IBM i.",2025-07-14,https://github.com/sequelize/sequelize/commit/002f6046921b077eb102fcc52a8aed173efd36ce,2025-03-28,https://github.com/sequelize/sequelize/releases/tag/v6.37.7,2010-07-22,https://github.com/sequelize/sequelize/commit/fee92083a75c15f5b6cd2d0c2f3bb043ae155e68,1242,https://github.com/sequelize/sequelize/graphs/contributors,,,,,,,,,,,,
Snowpack,,https://www.snowpack.dev/,logos/fa229ffa19cfef126cb10f44943359ce54835613fcc4f7495a5a8a69b3ce2e07.svg,,,,,,,MIT License,,The faster frontend build tool.,,,,,,,,,,,,Build Tools,Bundlers,true,https://github.com/FredKSchott/snowpack,19430,"ESM-powered frontend build tool. Instant, lightweight, unbundled development. ‚úåÔ∏è",2022-04-28,https://github.com/FredKSchott/snowpack/commit/7f9b5455683a9d7632dbd7f4ed6db9ec2bb7c760,2021-08-26,https://github.com/FredKSchott/snowpack/releases/tag/snowpack%403.8.8,2019-02-25,https://github.com/FredKSchott/snowpack/commit/c74a408d8affcdb7b16cae8211be62031ef8c203,416,https://github.com/FredKSchott/snowpack/graphs/contributors,,,,,,,,,,,,
Speedy Web Compiler,,https://swc.rs/,logos/b69a23d95d9930f80f142e0996e531fd2e8969fac33ee1328a5e09087d2da6d2.svg,https://x.com/kdy1dev,,,,,,Apache License 2.0,,"SWC is an extensible Rust-based platform for the next generation of fast developer tools. It's used by tools like Next.js, Parcel, and Deno",,,,,,,,,,,,Build Tools,Bundlers,true,https://github.com/swc-project/swc,32503,Rust-based platform for the Web,2025-07-18,https://github.com/swc-project/swc/commit/1c6544e55dad1f62a82158b714d9015cf8d11420,2025-07-17,https://github.com/swc-project/swc/releases/tag/v1.13.0,2017-12-22,https://github.com/swc-project/swc/commit/0f9532dd5d379292cc2d67777a108d88803bad91,335,https://github.com/swc-project/swc/graphs/contributors,,,,,,,,,,,,
SpiderMonkey,,https://developer.mozilla.org/en-US/docs/Mozilla/Projects/SpiderMonkey,logos/f76fc0692235ed44185f28d077cb022f46455341624c7059c2562fb1be2a3d70.svg,https://x.com/spidermonkeyjs,,,,,,Other,,"The first JavaScript engine, developed by Mozilla for Firefox and other applications.",,,,,,,,,,,,Engines and Runtimes,JavaScript Engines,true,https://github.com/mozilla-spidermonkey/spidermonkey.dev,66,Source for https://spidermonkey.dev/,2025-04-11,https://github.com/mozilla-spidermonkey/spidermonkey.dev/commit/1d42dcdfd42ab941da705d9227e17f73d1ecf3bb,,,2019-11-25,https://github.com/mozilla-spidermonkey/spidermonkey.dev/commit/bca3f61de36ebba27af22c26f7d02ea8197efd2f,22,https://github.com/mozilla-spidermonkey/spidermonkey.dev/graphs/contributors,,,,,,,,,,,,
stdlib,,https://stdlib.io/,logos/b066a19a2d83d8bc541b501a43660f7d50c8792a87d666fa3480c3946f142965.svg,https://twitter.com/stdlibjs,,,,,,Apache License 2.0,,A comprehensive standard library for numerical and scientific computing in JavaScript.,,,,,,,,,,,,Libraries,Libraries,true,https://github.com/stdlib-js/stdlib,5280,‚ú® Standard library for JavaScript and Node.js. ‚ú®,2025-07-19,https://github.com/stdlib-js/stdlib/commit/099dca8ca5d4ec5078cfc376b0533bd1dac34f95,2024-12-22,https://github.com/stdlib-js/stdlib/releases/tag/v0.3.2,2016-03-24,https://github.com/stdlib-js/stdlib/commit/c065fcbcc0a6bfe5627ccb3fc8389214699585cd,215,https://github.com/stdlib-js/stdlib/graphs/contributors,,,,,,,,,,,,
Stencil JS,,https://stenciljs.com/,logos/8a72cec96c827bb68be1f796a94dce365935bd5588f2b7132c69bc97504e2c67.svg,https://twitter.com/stenciljs,,,,,,Other,,A compiler for building reusable and high-performance Web Components.,,,,,,,,,,,,Frontend Frameworks,UI Libraries,true,https://github.com/stenciljs/core,12837,"A toolchain for building scalable, enterprise-ready component systems on top of TypeScript and Web Component standards. Stencil components can be distributed natively to React, Angular, Vue, and traditional web developers from a single, framework-agnostic codebase.",2025-07-18,https://github.com/stenciljs/core/commit/a12a53eea55dd62040e69c0351e8c697ea754854,2025-07-15,https://github.com/stenciljs/core/releases/tag/v4.36.0,2017-02-15,https://github.com/stenciljs/core/commit/f144e2dc561b75daf1d3e6daeb20d53c214f22c5,230,https://github.com/ionic-team/stencil/graphs/contributors,,,,,,,,,,,,
Stimulus,,https://stimulus.hotwired.dev/,logos/341bcb27ecbc2d6da008791b3ba5566990e78581f69f8c878c58b162db451710.svg,,,,,,,MIT License,,"A minimal JavaScript framework for augmenting HTML with predictable, unobtrusive behavior.",,,,,,,,,,,,Frontend Frameworks,Frameworks,true,https://github.com/hotwired/stimulus,12923,A modest JavaScript framework for the HTML you already have,2025-05-17,https://github.com/hotwired/stimulus/commit/422eb81fa6496d7e24c3983c63e74f3530367cd3,2023-08-07,https://github.com/hotwired/stimulus/releases/tag/v3.2.2,2016-09-08,https://github.com/hotwired/stimulus/commit/2093dbc5324b0dbc33e51c63acdbf677098458f6,96,https://github.com/hotwired/stimulus/graphs/contributors,,,,,,,,,,,,
Stylelint,,https://stylelint.io/,logos/57a7393129bb28aea4a9cf3b08c6bc84aa9e71d41c563de479e763877c562dfe.svg,,,,,,,MIT License,,A mighty CSS linter that helps you avoid errors and enforce conventions.,,,,,,,,,,,,Tooling,Formatters and Linters,true,https://github.com/stylelint/stylelint,11297,A mighty CSS linter that helps you avoid errors and enforce conventions.,2025-07-18,https://github.com/stylelint/stylelint/commit/9a4e2b2bc5ced683dcbb67d5eaa62e2e832e489b,2025-07-18,https://github.com/stylelint/stylelint/releases/tag/16.22.0,2014-12-11,https://github.com/stylelint/stylelint/commit/daf4fa823b985e90ed97099742140ce0c58c3ccc,459,https://github.com/stylelint/stylelint/graphs/contributors,,,,,,,,,,,,
Stylis,,https://stylis.js.org/,logos/63e2f2dd8759194f499539cb1815687fc91694e9c7f2a19dd5fc0c28fb471bd1.svg,https://twitter.com/thysultan,,,,,,MIT License,,"A fast CSS preprocessor with support for nesting, variables, and custom functions.",,,,,,,,,,,,Libraries,Libraries,true,https://github.com/thysultan/stylis,1757,light ‚Äì weight css preprocessor,2025-02-06,https://github.com/thysultan/stylis/commit/2e3828995507e1b68e01c21ee9f35501a48355f0,,,2016-11-27,https://github.com/thysultan/stylis/commit/07a17f4f4df4d8e947fdc5cbd551c491661b0ea6,37,https://github.com/thysultan/stylis/graphs/contributors,,,,,,,,,,,,
Svelte,,https://svelte.dev/,logos/38c807173b8482c44ab70e15bfd40430c0597a7b13dc8ee5c456caae36116c0f.svg,https://x.com/sveltesociety,,,,,,MIT License,,A compiler for writing reactive and efficient user interfaces with minimal boilerplate.,,,,,,,,,,,,Frontend Frameworks,Frameworks,true,https://github.com/sveltejs/svelte,83442,web development for the rest of us,2025-07-18,https://github.com/sveltejs/svelte/commit/05f6436445d54a689ca12cced4bd359d15fc2e4c,2025-07-18,https://github.com/sveltejs/svelte/releases/tag/svelte%405.36.8,2016-11-16,https://github.com/sveltejs/svelte/commit/fc7e6e6827c3e9f2a29ec1c6ec957bab9f195841,845,https://github.com/sveltejs/svelte/graphs/contributors,,,,,,,,,,,,
SvelteKit,,https://kit.svelte.dev/,logos/bfa668de04b394060dd44f7d38cbe8095473d9682b7bc9da48597d3ba3f7e66d.svg,,,,,,,MIT License,,A framework for building fast and modern web applications using Svelte.,,,,,,,,,,,,Full-stack Frameworks,Frameworks,true,https://github.com/sveltejs/kit,19498,"web development, streamlined",2025-07-18,https://github.com/sveltejs/kit/commit/f192a9b81b3338a582efe04d287dfa99fa1038bb,2025-07-18,https://github.com/sveltejs/kit/releases/tag/%40sveltejs/kit%402.25.1,2020-10-15,https://github.com/sveltejs/kit/commit/0834b1c9c07de49a49657c32b264580af2260df5,586,https://github.com/sveltejs/kit/graphs/contributors,,,,,,,,,,,,
T3,,https://create.t3.gg/,logos/7ce394fa71481b03659135ffa4e1428cf5689c15dd00286a46f573ef11394b1c.svg,https://twitter.com/t3dotgg,,,,,,MIT License,,A full-stack TypeScript framework for building production-ready Next.js applications.,,,,,,,,,,,,Full-stack Frameworks,Frameworks,true,https://github.com/t3-oss/create-t3-app,27583,"The best way to start a full-stack, typesafe Next.js app ",2025-06-09,https://github.com/t3-oss/create-t3-app/commit/c7bf64fe2169096b2833358331da9cdba72fbbb3,2025-04-03,https://github.com/t3-oss/create-t3-app/releases/tag/create-t3-app%407.39.3,2022-05-24,https://github.com/t3-oss/create-t3-app/commit/7c82cb02f88cc9eadd691f864521b993b6c7b4b1,355,https://github.com/t3-oss/create-t3-app/graphs/contributors,,,,,,,,,,,,
Three.js,,https://threejs.org/,logos/916c0a7d8f3c4b2363248daa4a698dd782a7bbdfabb37ce9d36411e6b6521693.svg,https://twitter.com/threejs,,,,,,MIT License,,A cross-browser library for creating 3D graphics in the browser using WebGL.,,,,,,,,,,,,Libraries,Libraries,true,https://github.com/mrdoob/three.js,107685,JavaScript 3D Library.,2025-07-18,https://github.com/mrdoob/three.js/commit/8a318e456d2c788040c5671ec6e3c78394d2130e,2025-06-30,https://github.com/mrdoob/three.js/releases/tag/r178,2010-03-23,https://github.com/mrdoob/three.js/commit/214dd9dcfc56b0d85484d6841110fe1f089ff055,2410,https://github.com/mrdoob/three.js/graphs/contributors,,,,,,,,,,,,
TypeORM,,https://typeorm.io/,logos/cfd7d8c3b265f98e321c7b355acc35306572fccc55e73ee2a5833f59df8936a6.svg,,,,,,,MIT License,,"TypeORM is an ORM that can run in NodeJS, Browser, Cordova, PhoneGap, Ionic, React Native, NativeScript, Expo, and Electron platforms and can be used with TypeScript and JavaScript (ES2021).",,,,,,,,,,,,ORM,ORM,true,https://github.com/typeorm/typeorm,35564,"ORM for TypeScript and JavaScript. Supports MySQL, PostgreSQL, MariaDB, SQLite, MS SQL Server, Oracle, SAP Hana, WebSQL databases. Works in NodeJS, Browser, Ionic, Cordova and Electron platforms.",2025-07-09,https://github.com/typeorm/typeorm/commit/f351757a15b9d2bd9d4222c69dcfd2316f46b5d1,2025-06-19,https://github.com/typeorm/typeorm/releases/tag/0.3.25,2016-02-21,https://github.com/typeorm/typeorm/commit/4309b8d81040d27c5a4b285376de44c342afa78a,1177,https://github.com/typeorm/typeorm/graphs/contributors,,,,,,,,,,,,
UnJS,,https://unjs.io/,logos/22925006d8544801f78c79595e725fcbb2e64c1cecff63cda630b198ded2ece3.svg,https://x.com/unjsio,,,,,,,,A collection of utilities and libraries for building modern web applications.,,,,,,,,,,,,Libraries,Libraries,,,,,,,,,,,,,,,,,,,,,,,,
V8 Engine,,https://v8.dev/,logos/5e4baac1d2872053fc33384977b4996f56aac7e9684adee468d15f12d2eabd31.svg,,,,,,,Other,,A high-performance open-source JavaScript and WebAssembly engine used in Chrome and Node.js.,,,,,,,,,,,,Engines and Runtimes,JavaScript Engines,true,https://github.com/v8/v8,24281,The official mirror of the V8 Git repository,2025-07-19,https://github.com/v8/v8/commit/4c6a966f97243b7c066925e0804f8c6f0d70edb2,,,2008-06-30,https://github.com/v8/v8/commit/33f2fb0e53d135f0ee17cfccd9d993eb2a6f47de,1163,https://github.com/v8/v8/graphs/contributors,,,,,,,,,,,,
Vite,,https://vitejs.dev/,logos/8ce09b941195d5b1da015dc60aaef55bbe4cd124ec3addfef291325025cc28d6.svg,https://x.com/vite_js,,,,,,MIT License,,A fast development server and build tool for modern JavaScript/TypeScript projects.,,,,,,,,,,,,Build Tools,Bundlers,true,https://github.com/vitejs/vite,74213,Next generation frontend tooling. It's fast!,2025-07-17,https://github.com/vitejs/vite/commit/27a192fc95036dbdb6e615a4201b858eb64aa075,2025-07-17,https://github.com/vitejs/vite/releases/tag/plugin-legacy%407.0.1,2020-04-20,https://github.com/vitejs/vite/commit/820c2cfbefd376b7be2d0ba5ad1fd39d3e45347e,1152,https://github.com/vitejs/vite/graphs/contributors,,,,,,,,,,,,
Vitest,,https://vitest.dev/,logos/bfe6cb7f51a5a0ed251118965245420f57d1635121cc1fdffb18c0ed5f31cb03.svg,,,,,,,MIT License,,ViteTest is a fast and lightweight testing framework designed to work seamlessly with Vite projects.,,,,,,,,,,,,Libraries,Testing,true,https://github.com/vitest-dev/vitest,14662,Next generation testing framework powered by Vite.,2025-07-17,https://github.com/vitest-dev/vitest/commit/87245a5bdb148af6dbf77b9af13d02c136cf134a,2025-06-17,https://github.com/vitest-dev/vitest/releases/tag/v3.2.4,2021-12-03,https://github.com/vitest-dev/vitest/commit/d1803031c7114d334f3423006864745f2751eb62,616,https://github.com/vitest-dev/vitest/graphs/contributors,,,,,,,,,,,,
Vue.js,,https://vuejs.org/,logos/d459fb4e4ba6827c9a508fcd8fca2ea666aa74aff672b9fe02d398526e19a793.svg,https://x.com/vuejs,,,,,,MIT License,,A progressive JavaScript framework for building dynamic user interfaces.,,,,,,,,,,,,Frontend Frameworks,Frameworks,true,https://github.com/vuejs/vue,209162,"This is the repo for Vue 2. For Vue 3, go to https://github.com/vuejs/core",2024-10-10,https://github.com/vuejs/vue/commit/9e88707940088cb1f4cd7dd210c9168a50dc347c,2023-12-24,https://github.com/vuejs/vue/releases/tag/v2.7.16,2016-04-11,https://github.com/vuejs/vue/commit/a879ec06ef9504db8df2a19aac0d07609fe36131,380,https://github.com/vuejs/vue/graphs/contributors,,,,,,,,,,,,
WebAssembly,,https://webassembly.org/,logos/908ed48faef438447105a4b16401be0eb1609a75dfea69ed3ceb73ba32b09041.svg,,,,,,,,,A low-level binary format for executing high-performance code in web browsers.,,,,,,,,,,,,Languages,Languages,,,,,,,,,,,,,,,,,,,,,,,,
Webix,,https://webix.com/,logos/ccaea04f243ece3ee7b176fa9d977e0b7188ccf4c330d1534eaba1b8dbc6764b.svg,https://x.com/WebixUI,,,,,,GNU General Public License v3.0,,A UI framework for building cross-platform applications with over 80 ready-to-use UI components.,,,,,,,,,,,,Frontend Frameworks,Frameworks,true,https://github.com/webix-hub/webix,438,Stable releases of Webix UI - JavaScript library for building mobile and desktop web apps,2025-04-23,https://github.com/webix-hub/webix/commit/14ee7cf49f4d39a5b2564408edf085b439596f48,,,2013-10-18,https://github.com/webix-hub/webix/commit/d50ec8dc94c46080b90ae69046633d931f4c8406,8,https://github.com/webix-hub/webix/graphs/contributors,,,,,,,,,,,,
Webpack,,https://webpack.js.org/,logos/f8bb112c2c70da3c745b85aac9dc1f4d4e29e9cda0b5bdcfcf7873ff8a6e2a26.svg,,,,,,,MIT License,,A powerful module bundler for managing complex JavaScript applications.,,,,,,,,,,,,Build Tools,Bundlers,true,https://github.com/webpack/webpack,65443,"A bundler for javascript and friends. Packs many modules into a few bundled assets. Code Splitting allows for loading parts of the application on demand. Through ""loaders"", modules can be CommonJs, AMD, ES6 modules, CSS, Images, JSON, Coffeescript, LESS, ... and your custom stuff.",2025-07-18,https://github.com/webpack/webpack/commit/fcaeed82b1f0cd99c7c6b6a61f442f5819118e32,2025-07-15,https://github.com/webpack/webpack/releases/tag/v5.100.2,2012-03-10,https://github.com/webpack/webpack/commit/2e1460036c5349951da86c582006c7787c56c543,947,https://github.com/webpack/webpack/graphs/contributors,,,,,,,,,,,,
Yarn,,https://yarnpkg.com/,logos/e7f042ddfe0830eb2ad83743289190cc393232b3be5aeb84237106edeb27429b.svg,,,,,,,"BSD 2-Clause ""Simplified"" License",,"Yarn is a package manager that doubles down as project manager. Whether you work on simple projects or industry monorepos, whether you're an open source developer or an enterprise user, Yarn has your back.",,,,,,,,,,,,Tooling,Package Managers,true,https://github.com/yarnpkg/berry,7786,üì¶üêà Active development trunk for Yarn ‚öí,2025-07-17,https://github.com/yarnpkg/berry/commit/caf8d6dea7339aa2849291f0d38819f63ca5ce5e,2025-06-03,https://github.com/yarnpkg/berry/releases/tag/%40yarnpkg/cli/4.9.2,2018-08-21,https://github.com/yarnpkg/berry/commit/7c5e8f77f21888d12db27b125d63c58bb0b54b70,435,https://github.com/yarnpkg/berry/graphs/contributors,,,,,,,,,,,,
Zustand,,https://zustand-demo.pmnd.rs/,logos/57f3606195aa8709bf1bc3aa19d966ead3fbaccf7ee8e5e8ddc5b1ec64a2b91d.svg,https://x.com/pmndrs,,,,,,MIT License,,"A small, fast and scalable bearbones state-management solution using simplified flux principles. Has a comfy API based on hooks, isn't boilerplatey or opinionated.",,,,,,,,,,,,Libraries,State Management,true,https://github.com/pmndrs/zustand,53595,üêª Bear necessities for state management in React,2025-07-16,https://github.com/pmndrs/zustand/commit/2879505e3997a300c8cbe875fb2841f7210e6da2,2025-06-26,https://github.com/pmndrs/zustand/releases/tag/v5.0.6,2019-04-09,https://github.com/pmndrs/zustand/commit/1315ab61921ba6143086b01dc58b49cac4c4feaf,306,https://github.com/pmndrs/zustand/graphs/contributors,,,,,,,,,,,,
